word	level	verb_level	senses
associate	456	455	a business partner or colleague
concern	456	455	a worry; a matter of interest; a business
estimate	456	455	an approximate calculation; a contractor's quote
focus	456	455	the centre of attention; sharpness of an image
influence	456	455	the power to affect someone or something
regard	456	455	consideration or respect; "in this regard"; "regards"
gain	476	475	an increase or profit; weight gain
launch	476	475	the start of a product or campaign; a rocket launch
conduct	476	475	a person's behaviour; "code of conduct"
release	476	475	a press release; a new product or album; being set free
attribute	486	485	a quality or characteristic
claim	486	485	an assertion; an insurance or legal claim
issue	486	485	a problem or topic; an edition of a magazine
permit	486	485	an official document giving permission
present	486	485	a gift; the current time
link	416	415	a connection; a hyperlink; a chain link
treat	416	415	something pleasant given or enjoyed
